Star Name,Planet Name,Period,Mass,Prediction,Is True Planet
11 Com,11 Com b,323.21,4914.89849,0.8010661602020264,True
11 Com,Unknown_1,175.43700561971022,Unknown,0.13071295619010925,False
11 Com,Unknown_2,0.4390699402686356,Unknown,0.008906073868274689,False
11 UMi,11 UMi b,516.21997,4684.8142,0.9217218160629272,True
11 UMi,Unknown_1,23.336249332795667,Unknown,0.020214546471834183,False
11 UMi,Unknown_2,28.059498354171577,Unknown,0.014868768863379955,False
14 And,14 And b,186.76,1131.1513,0.9745749235153198,True
14 And,Unknown_1,33.3950109752907,Unknown,0.051527511328458786,False
14 And,Unknown_2,374.2923122956287,Unknown,0.6505416035652161,False
14 Her,Unknown_0,6928.687460399621,Unknown,0.16481010615825653,False
14 Her,Unknown_1,1.5003503359365058,Unknown,0.15323506295681,False
14 Her,Unknown_2,30.144633587636292,Unknown,0.08292457461357117,False
16 Cyg B,Unknown_0,1332.4732959588014,Unknown,0.19650815427303314,False
16 Cyg B,16 Cyg B b,798.5,565.7374,0.2135740965604782,True
16 Cyg B,Unknown_2,535.6257425443792,Unknown,0.22301740944385529,False
18 Del,18 Del b,982.85,2926.24614,0.452942818403244,True
18 Del,Unknown_1,0.9961078324962105,Unknown,0.05130091682076454,False
18 Del,Unknown_2,0.6347919309938187,Unknown,0.08347585797309875,False
2MASS J00203151+3058293,Unknown_0,1.0167183719279231,Unknown,0.08438976109027863,False
2MASS J00203151+3058293,Unknown_1,36.61896064918409,Unknown,0.11974234133958817,False
2MASS J00203151+3058293,Unknown_2,8.91247229679872,Unknown,0.1110975369811058,False
2MASS J02462210+4939110,Unknown_0,0.30997761269921414,Unknown,0.24177555739879608,False
2MASS J02462210+4939110,Unknown_1,4.307744794714926,Unknown,0.19979168474674225,False
2MASS J02462210+4939110,Unknown_2,19.80963740774889,Unknown,0.2731366455554962,False
2MASS J04425581+1857285,Unknown_0,1.0922719428812904,Unknown,0.14824803173542023,False
2MASS J04425581+1857285,Unknown_1,19.80963740774889,Unknown,0.15621952712535858,False
2MASS J04425581+1857285,Unknown_2,1.3268651343296738,Unknown,0.1484912782907486,False
2MASS J07480647+5013328,Unknown_0,47.30259500520532,Unknown,0.1493990570306778,False
2MASS J07480647+5013328,Unknown_1,81.39249229077794,Unknown,0.21519553661346436,False
2MASS J07480647+5013328,Unknown_2,40.98498240257832,Unknown,0.1555425524711609,False
2MASS J11421096+2642251,Unknown_0,0.2604525663967961,Unknown,0.12245102226734161,False
2MASS J11421096+2642251,Unknown_1,42.698575401916194,Unknown,0.18183155357837677,False
2MASS J11421096+2642251,Unknown_2,7.336724117344459,Unknown,0.1040230244398117,False
2MASS J19024305+5014286,Unknown_0,0.26313329209511915,Unknown,0.2523607909679413,False
2MASS J19024305+5014286,Unknown_1,0.3434012806322642,Unknown,0.2223648726940155,False
2MASS J19024305+5014286,Unknown_2,1.7316211974819247,Unknown,0.25322186946868896,False
2MASS J19240775+4902249,Unknown_0,30.454899272643193,Unknown,0.10950169712305069,False
2MASS J19240775+4902249,Unknown_1,0.9659727621622972,Unknown,0.1805538684129715,False
2MASS J19240775+4902249,Unknown_2,6928.687460399621,Unknown,0.23645691573619843,False
2MASS J19254039+3840204,Unknown_0,14.421639147119476,Unknown,0.15550313889980316,False
2MASS J19254039+3840204,Unknown_1,1.3133474169952948,Unknown,0.11471442878246307,False
2MASS J19254039+3840204,Unknown_2,5.12686231530113,Unknown,0.14373475313186646,False
30 Ari B,30 Ari B b,335.10001,4392.4106,0.9450191259384155,True
30 Ari B,Unknown_1,2756.809398510989,Unknown,0.18352504074573517,False
30 Ari B,Unknown_2,32.38471774024978,Unknown,0.018734101206064224,False
42 Dra,42 Dra b,479.1,1233.13,0.6834376454353333,True
42 Dra,Unknown_1,10.499115728810487,Unknown,0.19795414805412292,False
42 Dra,Unknown_2,31.40498872396372,Unknown,0.05407198145985603,False
47 UMa,Unknown_0,5645.5701630324065,Unknown,0.279717355966568,False
47 UMa,Unknown_1,1966.3033662186401,Unknown,0.8065341114997864,False
47 UMa,Unknown_2,385.96896157425164,Unknown,0.30842533707618713,False
51 Peg,Unknown_0,180.91004451957193,Unknown,0.16978681087493896,False
51 Peg,Unknown_1,743.3108996797547,Unknown,0.21609267592430115,False
51 Peg,Unknown_2,0.9961078324962105,Unknown,0.21418480575084686,False
54 Psc,HD 3651 b,62.25,72.46524,0.21303464472293854,True
54 Psc,Unknown_1,31.085043803054806,Unknown,0.490953654050827,False
54 Psc,Unknown_2,74.9906438051007,Unknown,0.051145248115062714,False
55 Cnc,Unknown_0,6582.868520011329,Unknown,0.10251066833734512,False
55 Cnc,Unknown_1,4841.728551744933,Unknown,0.08238178491592407,False
55 Cnc,55 Cnc d,5574.2,1232.493,0.08630859851837158,True
6 Lyn,6 Lyn b,919.86,597.83523,0.5553930401802063,True
6 Lyn,Unknown_1,0.9961078324962105,Unknown,0.12073290348052979,False
6 Lyn,Unknown_2,3.4388441010463575,Unknown,0.03519529849290848,False
61 Vir,Unknown_0,4110.038664269019,Unknown,0.4485132098197937,False
61 Vir,Unknown_1,6928.687460399621,Unknown,0.3779422342777252,False
61 Vir,Unknown_2,2842.812491326316,Unknown,0.13490018248558044,False
7 CMa,7 CMa b,735.1,587.9855,0.28878745436668396,True
7 CMa,Unknown_1,530.1689427556128,Unknown,0.39475271105766296,False
7 CMa,Unknown_2,0.31964786172333715,Unknown,0.10280094295740128,False
70 Vir,Unknown_0,348.402129032539,Unknown,0.11498521268367767,False
70 Vir,Unknown_1,6928.687460399621,Unknown,0.18205858767032623,False
70 Vir,Unknown_2,26.93340551636502,Unknown,0.094994455575943,False
75 Cet,75 Cet b,696.62,787.89662,0.9054089784622192,True
75 Cet,Unknown_1,0.9659727621622972,Unknown,0.08796460926532745,False
75 Cet,Unknown_2,2.6895566284303496,Unknown,0.025787092745304108,False
79 Ceti,HD 16141 b,75.523,82.6358,0.8483014702796936,True
79 Ceti,Unknown_1,1.0167183719279231,Unknown,0.1618102490901947,False
79 Ceti,Unknown_2,94.90557371417637,Unknown,0.11656719446182251,False
81 Cet,81 Cet b,1005.57,1051.05854,0.5045560598373413,True
81 Cet,Unknown_1,0.9961078324962105,Unknown,0.029347363859415054,False
81 Cet,Unknown_2,38.939373726000056,Unknown,0.011396023444831371,False
83 Leo B,Unknown_0,40.567439283282745,Unknown,0.10961494594812393,False
83 Leo B,Unknown_1,51.86918088997056,Unknown,0.09185250103473663,False
83 Leo B,HD 99492 b,17.0503,25.5,0.10833295434713364,True
BD +14 4559,BD+14 4559 b,268.94,330.5432,0.3870314657688141,True
BD +14 4559,Unknown_1,0.9961078324962105,Unknown,0.0365929938852787,False
BD +14 4559,Unknown_2,156.74816551329567,Unknown,0.12307915091514587,False
BD +20 2457,BD+20 2457 b,379.63,6807.63,0.9116933345794678,True
BD +20 2457,Unknown_1,17.881541096134505,Unknown,0.014070465229451656,False
BD +20 2457,BD+20 2457 c,621.99,3963.17,0.3451843857765198,True
BD -08 2823,BD-08 2823 c,237.6,104.0,0.37200087308883667,True
BD -08 2823,Unknown_1,706.2113784247584,Unknown,0.3169912099838257,False
BD -08 2823,Unknown_2,0.9961078324962105,Unknown,0.07344239205121994,False
BD -10 3166,Unknown_0,1.396569563849598,Unknown,0.18694746494293213,False
BD -10 3166,Unknown_1,2.830847559660508,Unknown,0.07855846732854843,False
BD -10 3166,Unknown_2,0.527937548602548,Unknown,0.24873317778110504,False
BD -17 0063,Unknown_0,535.6257425443792,Unknown,0.3688288927078247,False
BD -17 0063,BD-17 63 b,655.6,1620.9,0.3447399437427521,True
BD -17 0063,Unknown_2,324.30279630892534,Unknown,0.3494425415992737,False
Beta Gem,HD 62509 b,589.64,731.0,0.5406365394592285,True
Beta Gem,Unknown_1,990.127057108589,Unknown,0.48118212819099426,False
Beta Gem,Unknown_2,657.3620128106047,Unknown,0.11424966156482697,False
CoRoT 7,Unknown_0,22.399711448075344,Unknown,0.23342666029930115,False
CoRoT 7,Unknown_1,0.956131711693957,Unknown,0.05250626429915428,False
CoRoT 7,CoRoT-7 d,8.966,17.142,0.27539679408073425,True
CoRot-7,Unknown_0,0.25517276813797946,Unknown,nan,False
CoRot-7,Unknown_1,0.2885361431936931,Unknown,nan,False
CoRot-7,Unknown_2,0.33301242371636547,Unknown,nan,False
Epsilon Eridani,eps Eri b,2671.0,209.76675,0.3986605703830719,True
Epsilon Eridani,Unknown_1,317.7286497648186,Unknown,0.1646326184272766,False
Epsilon Eridani,Unknown_2,1446.2247150572864,Unknown,0.1806403249502182,False
Epsilon Reticuli,HD 27442 b,428.1,495.8,0.9603177309036255,True
Epsilon Reticuli,Unknown_1,30.454899272643193,Unknown,0.018752671778202057,False
Epsilon Reticuli,Unknown_2,42.26357469390877,Unknown,0.037245310842990875,False
Epsilon Tauri,eps Tau b,585.82,2285.18625,0.15664441883563995,True
Epsilon Tauri,Unknown_1,11.512698888136665,Unknown,0.06955217570066452,False
Epsilon Tauri,Unknown_2,7.412237847752124,Unknown,0.10102550685405731,False
GJ 176,Unknown_0,344.8527091426743,Unknown,0.2833665609359741,False
GJ 176,Unknown_1,3710.003558827372,Unknown,0.30521196126937866,False
GJ 176,Unknown_2,27.490686563974354,Unknown,0.03605866804718971,False
GJ 179,GJ 179 b,2288.0,301.93699,0.3978642523288727,True
GJ 179,Unknown_1,314.491722389585,Unknown,0.2540739178657532,False
GJ 179,Unknown_2,83.07659025394784,Unknown,0.06810755282640457,False
GJ 3021,GJ 3021 b,133.71,1071.04,0.31761378049850464,True
GJ 3021,Unknown_1,99.89126419834892,Unknown,0.19959606230258942,False
GJ 3021,Unknown_2,164.98264328553643,Unknown,0.28551387786865234,False
GJ 317,GJ 317 b,695.66,794.5,0.20995745062828064,True
GJ 317,Unknown_1,44.94166685311153,Unknown,0.04189014434814453,False
GJ 317,Unknown_2,51.340752711781505,Unknown,0.06303127110004425,False
GJ 328,GJ 328 b,3771.0,797.7493,0.482206791639328,True
GJ 328,Unknown_1,1652.147565067051,Unknown,0.19162940979003906,False
GJ 328,Unknown_2,473.6914477964003,Unknown,0.15429015457630157,False
GJ 3470,GJ 3470 b,3.3366496,13.9,0.46334749460220337,True
GJ 3470,Unknown_1,0.5848629799594326,Unknown,0.2943439781665802,False
GJ 3470,Unknown_2,0.763273604466095,Unknown,0.32086241245269775,False
GJ 3634,Unknown_0,483.4926319099786,Unknown,0.5308940410614014,False
GJ 3634,Unknown_1,0.9961078324962105,Unknown,0.10571856051683426,False
GJ 3634,Unknown_2,129.03468397696716,Unknown,0.3225083649158478,False
GJ 433,Unknown_0,3.4742386371100076,Unknown,0.09143132716417313,False
GJ 433,Unknown_1,1887.3910453458568,Unknown,0.1408429592847824,False
GJ 433,Unknown_2,188.4739415283246,Unknown,0.08340449631214142,False
GJ 436,Unknown_0,0.6155876853651487,Unknown,0.3286796808242798,False
GJ 436,Unknown_1,2.3785637471410714,Unknown,0.08995698392391205,False
GJ 436,Unknown_2,2.0398931682911816,Unknown,0.10215406864881516,False
GJ 581,GJ 581 b,5.3686,15.8,0.9252346158027649,True
GJ 581,Unknown_1,0.8809280881367819,Unknown,0.05744922533631325,False
GJ 581,GJ 581 c,12.914,5.5,0.39278632402420044,True
GJ 649,GJ 649 b,600.1,81.99973,0.1686878204345703,True
GJ 649,Unknown_1,228.953515993409,Unknown,0.12675605714321136,False
GJ 649,Unknown_2,0.9084100534001683,Unknown,0.1736661195755005,False
GJ 674,GJ 674 b,4.6938,11.09,0.29026511311531067,True
GJ 674,Unknown_1,34.79126525345454,Unknown,0.23138479888439178,False
GJ 674,Unknown_2,5.6218088838691465,Unknown,0.12331832945346832,False
GJ 676 A,GJ 676 A b,1051.44521,1840.86213,0.4823065400123596,True
GJ 676 A,Unknown_1,0.9961078324962105,Unknown,0.4909883141517639,False
GJ 676 A,Unknown_2,130.36278221035167,Unknown,0.1563398838043213,False
GJ 777 A,HD 190360 b,2854.0,572.09113,0.34717363119125366,True
GJ 777 A,Unknown_1,410.4264396076138,Unknown,0.3482092618942261,False
GJ 777 A,Unknown_2,29.232673432602656,Unknown,0.005927221849560738,False
GJ 832,GJ 832 b,3853.0,314.65012,0.14514434337615967,True
GJ 832,Unknown_1,344.8527091426743,Unknown,0.10175291448831558,False
GJ 832,Unknown_2,29.232673432602656,Unknown,0.10303238034248352,False
GJ 849,Unknown_0,1703.6889594267132,Unknown,0.19796054065227509,False
GJ 849,Unknown_1,301.87043915557064,Unknown,0.1542501598596573,False
GJ 849,Unknown_2,980.0399296855929,Unknown,0.26795247197151184,False
GJ 86,GJ 86 b,15.76491,1404.8086,0.07408849149942398,True
GJ 86,Unknown_1,61.10319502681816,Unknown,0.12512826919555664,False
GJ 86,Unknown_2,77.33009727001368,Unknown,0.18374747037887573,False
GJ 876,GJ 876 b,61.1166,723.2235,0.9693329334259033,True
GJ 876,Unknown_1,1.0167183719279231,Unknown,0.34436744451522827,False
GJ 876,Unknown_2,52.40304795101105,Unknown,0.0728117898106575,False
Gamma 1 Leo,gam1 Leo b,428.5,2790.43,0.7824316024780273,True
Gamma 1 Leo,Unknown_1,337.86198235326805,Unknown,0.09393462538719177,False
Gamma 1 Leo,Unknown_2,508.89203175282523,Unknown,0.13435465097427368,False
Gamma Cephei,Unknown_0,374.2923122956287,Unknown,0.1574823260307312,False
Gamma Cephei,Unknown_1,29.53355270588298,Unknown,0.09734875708818436,False
Gamma Cephei,Unknown_2,0.38042889134160374,Unknown,0.18380407989025116,False
Gl 581,GJ 581 b,5.3686,15.8,0.49387964606285095,True
Gl 581,Unknown_1,1.235084511632656,Unknown,0.23564119637012482,False
Gl 581,Unknown_2,4.675491064001576,Unknown,0.06388357281684875,False
Gl 86,Unknown_0,0.5444074075698329,Unknown,0.01706371083855629,False
Gl 86,Unknown_1,0.8630702392000917,Unknown,0.027964984998106956,False
Gl 86,Unknown_2,6.6907956446015975,Unknown,0.3137355446815491,False
HAT-P-11,Unknown_0,5.856858206384108,Unknown,0.25174838304519653,False
HAT-P-11,Unknown_1,23.336249332795667,Unknown,0.19750486314296722,False
HAT-P-11,Unknown_2,51.86918088997056,Unknown,0.24148812890052795,False
HAT-P-13,Unknown_0,2.9191603917159354,Unknown,0.22228987514972687,False
HAT-P-13,HAT-P-13 c,446.27,4538.421,0.47239482402801514,True
HAT-P-13,Unknown_2,31.085043803054806,Unknown,0.18141333758831024,False
HAT-P-2,Unknown_0,5.6218088838691465,Unknown,0.11993397027254105,False
HAT-P-2,Unknown_1,11.164407288162238,Unknown,0.10469332337379456,False
HAT-P-2,Unknown_2,6.227986445149492,Unknown,0.22507122159004211,False
HD 100655,HD 100655 b,157.57001,511.7063,0.8671724200248718,True
HD 100655,Unknown_1,261.55340178035016,Unknown,0.33310240507125854,False
HD 100655,Unknown_2,20.85030042524635,Unknown,0.12366286665201187,False
HD 100777,HD 100777 b,383.0,390.92894,0.42727744579315186,True
HD 100777,Unknown_1,190.41382235003815,Unknown,0.4222549498081207,False
HD 100777,Unknown_2,31.085043803054806,Unknown,0.07431565970182419,False
HD 101930,HD 101930 b,70.46,79.4575,0.3608805537223816,True
HD 101930,Unknown_1,1.841347863654202,Unknown,0.07841791957616806,False
HD 101930,Unknown_2,29.837528799483152,Unknown,0.12224111706018448,False
HD 102117,Unknown_0,29.53355270588298,Unknown,0.09341433644294739,False
HD 102117,Unknown_1,228.953515993409,Unknown,0.2716869115829468,False
HD 102117,Unknown_2,42.698575401916194,Unknown,0.20900045335292816,False
HD 102195,Unknown_0,0.9859597746673736,Unknown,0.23432557284832,False
HD 102195,Unknown_1,152.00609157475648,Unknown,0.375204861164093,False
HD 102195,Unknown_2,28.64007947038816,Unknown,0.1414092779159546,False
HD 102365,Unknown_0,0.5067501886295892,Unknown,0.2268293797969818,False
HD 102365,Unknown_1,31.085043803054806,Unknown,0.1616804152727127,False
HD 102365,Unknown_2,27.77363631930261,Unknown,0.15240953862667084,False
HD 104985,HD 104985 b,199.68,1766.80811,0.9731788635253906,True
HD 104985,Unknown_1,464.08894966827074,Unknown,0.4274096190929413,False
HD 104985,Unknown_2,1.0592276370855993,Unknown,0.02712726779282093,False
HD 106252,Unknown_0,6928.687460399621,Unknown,0.17052294313907623,False
HD 106252,Unknown_1,4415.460604518905,Unknown,0.16930189728736877,False
HD 106252,Unknown_2,341.3394497136815,Unknown,0.07227914035320282,False
HD 10647,HD 10647 b,989.2,298.75,0.14248642325401306,True
HD 10647,Unknown_1,7.72214548076202,Unknown,0.08641746640205383,False
HD 10647,Unknown_2,30.454899272643193,Unknown,0.10304032266139984,False
HD 10697,HD 10697 b,1075.3799,1825.28854,0.9885846376419067,True
HD 10697,Unknown_1,275.29363067656374,Unknown,0.29141923785209656,False
HD 10697,Unknown_2,774.388925809214,Unknown,0.10569941997528076,False
HD 10700,Unknown_0,61.10319502681816,Unknown,0.26527827978134155,False
HD 10700,Unknown_1,1.0167183719279231,Unknown,0.2256009578704834,False
HD 10700,tau Cet h,49.41,1.83,0.08117832243442535,True
HD 107148,HD 107148 b,48.056,66.741,0.061420440673828125,True
HD 107148,Unknown_1,77.33009727001368,Unknown,0.12211345136165619,False
HD 107148,Unknown_2,355.6109427615939,Unknown,0.7268127202987671,False
HD 108147,Unknown_0,327.6407048276646,Unknown,0.9826455116271973,False
HD 108147,Unknown_1,2619.2137989844705,Unknown,0.6342318058013916,False
HD 108147,Unknown_2,29.53355270588298,Unknown,0.5294165015220642,False
HD 108874,HD 108874 b,394.48123,451.3186,0.3132580518722534,True
HD 108874,Unknown_1,190.41382235003815,Unknown,0.14635789394378662,False
HD 108874,Unknown_2,0.33301242371636547,Unknown,0.04664601385593414,False
HD 109749,HD 109749 b,5.239891,85.8141,0.2013975977897644,True
HD 109749,Unknown_1,0.8809280881367819,Unknown,0.18304921686649323,False
HD 109749,Unknown_2,6.6907956446015975,Unknown,0.13688264787197113,False
HD 111232,Unknown_0,359.2710925003895,Unknown,0.6607332229614258,False
HD 111232,Unknown_1,2566.118063946565,Unknown,0.27801257371902466,False
HD 111232,Unknown_2,23.09850638970093,Unknown,0.007830167189240456,False
HD 114386,HD 114386 b,937.70001,362.3262,0.16019020974636078,True
HD 114386,Unknown_1,0.9961078324962105,Unknown,0.09978042542934418,False
HD 114386,Unknown_2,253.64067395953455,Unknown,0.17216406762599945,False
HD 114729,HD 114729 b,1121.79,262.20975,0.37893155217170715,True
HD 114729,Unknown_1,50.817708006682125,Unknown,0.03291377052664757,False
HD 114729,Unknown_2,29.232673432602656,Unknown,0.01196415163576603,False
HD 114783,HD 114783 b,493.7,349.6,0.6476312279701233,True
HD 114783,Unknown_1,1374.0419385382215,Unknown,0.29769307374954224,False
HD 114783,Unknown_2,295.75103307295353,Unknown,0.17080648243427277,False
HD 11506,Unknown_0,1253.0706717099579,Unknown,0.5768341422080994,False
HD 11506,Unknown_1,164.98264328553643,Unknown,0.3629623055458069,False
HD 11506,HD 11506 c,223.95986,117.27868,0.7974053025245667,True
HD 115617,Unknown_0,6928.687460399621,Unknown,0.20366951823234558,False
HD 115617,Unknown_1,385.96896157425164,Unknown,0.20141562819480896,False
HD 115617,61 Vir d,123.01,22.9,0.037477944046258926,True
HD 117176,70 Vir b,116.688,2380.45,0.9879065752029419,True
HD 117176,Unknown_1,88.34085780783423,Unknown,0.3264877498149872,False
HD 117176,Unknown_2,171.8806114185804,Unknown,0.3550490140914917,False
HD 117207,HD 117207 b,2621.75,669.34663,0.33872097730636597,True
HD 117207,Unknown_1,30.144633587636292,Unknown,0.03834431618452072,False
HD 117207,Unknown_2,0.3364399766657085,Unknown,0.0668494701385498,False
HD 117618,HD 117618 b,25.8,55.30242,0.1568930298089981,True
HD 117618,Unknown_1,52.40304795101105,Unknown,0.12206903845071793,False
HD 117618,Unknown_2,67.69171244406306,Unknown,0.09164275228977203,False
HD 118203,HD 118203 b,6.134985,688.41633,0.39248570799827576,True
HD 118203,Unknown_1,1.1496524487739435,Unknown,0.17574501037597656,False
HD 118203,Unknown_2,7.48852880834984,Unknown,0.085662841796875,False
HD 11964,HD 11964 b,1945.0,198.0,0.8445197343826294,True
HD 11964,Unknown_1,27.210619418727106,Unknown,0.008650116622447968,False
HD 11964,Unknown_2,31.72822669966336,Unknown,0.007181041408330202,False
HD 120084,HD 120084 b,2142.0,2034.1018,0.21383894979953766,True
HD 120084,Unknown_1,1108.1783669580027,Unknown,0.33112606406211853,False
HD 120084,Unknown_2,0.6545952838803728,Unknown,0.1512828767299652,False
HD 120136,Unknown_0,2.717239072380409,Unknown,0.1126636490225792,False
HD 120136,Unknown_1,131.70454998484837,Unknown,0.08469317853450775,False
HD 120136,Unknown_2,25.852505399517096,Unknown,0.08174622058868408,False
HD 121504,HD 121504 b,63.33,479.9233,0.9385293126106262,True
HD 121504,Unknown_1,76.54228065678707,Unknown,0.06398239731788635,False
HD 121504,Unknown_2,40.98498240257832,Unknown,0.07062122225761414,False
HD 125612,HD 125612 b,557.69994,945.22168,0.5205979943275452,True
HD 125612,Unknown_1,0.25,Unknown,0.21150638163089752,False
HD 125612,Unknown_2,117.67441268707874,Unknown,0.39792728424072266,False
HD 12661,HD 12661 b,262.70862,772.3269,0.9335850477218628,True
HD 12661,Unknown_1,611.8916079351294,Unknown,0.3428882956504822,False
HD 12661,Unknown_2,24.81498431477456,Unknown,0.01760874316096306,False
HD 128311,HD 128311 b,453.019,562.24127,0.35496777296066284,True
HD 128311,HD 128311 c,921.538,1204.25787,0.3939666748046875,True
HD 128311,Unknown_2,0.9961078324962105,Unknown,0.1178506463766098,False
HD 129445,HD 129445 b,1840.0,797.7493,0.20258450508117676,True
HD 129445,Unknown_1,7.643474501230532,Unknown,0.10399647802114487,False
HD 129445,Unknown_2,4.220419782789676,Unknown,0.12228616327047348,False
HD 130322,Unknown_0,6928.687460399621,Unknown,0.25583794713020325,False
HD 130322,Unknown_1,1686.3322702023277,Unknown,0.4658377170562744,False
HD 130322,Unknown_2,593.3801616435688,Unknown,0.16947297751903534,False
HD 132406,Unknown_0,1202.7820353677387,Unknown,0.3276602327823639,False
HD 132406,Unknown_1,44.94166685311153,Unknown,0.2695992887020111,False
HD 132406,Unknown_2,13.151951586328483,Unknown,0.12138648331165314,False
HD 132563 B,HD 132563 b,1544.0,473.547,0.23497943580150604,True
HD 132563 B,Unknown_1,28.93485943013452,Unknown,0.03608148917555809,False
HD 132563 B,Unknown_2,2340.1958818647317,Unknown,0.29127535223960876,False
HD 134987,HD 134987 b,258.17999,511.7063,0.7219639420509338,True
HD 134987,Unknown_1,0.9961078324962105,Unknown,0.21805433928966522,False
HD 134987,Unknown_2,815.070029640726,Unknown,0.14916254580020905,False
HD 136118,Unknown_0,2027.6453548955983,Unknown,0.4909401535987854,False
HD 136118,Unknown_1,4370.477171908682,Unknown,0.34220951795578003,False
HD 136118,Unknown_2,2756.809398510989,Unknown,0.20967020094394684,False
HD 136352,Unknown_0,140.05019810383214,Unknown,0.09078199416399002,False
HD 136352,Unknown_1,177.2427028946801,Unknown,0.1109185665845871,False
HD 136352,Unknown_2,196.35408707988728,Unknown,0.11400038748979568,False
HD 136418,HD 136418 b,464.29999,680.1562,0.6159167885780334,True
HD 136418,Unknown_1,980.0399296855929,Unknown,0.5786070227622986,False
HD 136418,Unknown_2,6928.687460399621,Unknown,0.4310068190097809,False
HD 139357,HD 139357 b,1124.79139,6315.56828,0.4335330128669739,True
HD 139357,Unknown_1,264.24545790149506,Unknown,0.4445594847202301,False
HD 139357,Unknown_2,21.945632768269338,Unknown,0.03440254554152489,False
HD 141004,Unknown_0,6928.687460399621,Unknown,0.20335029065608978,False
HD 141004,Unknown_1,5096.07989300631,Unknown,0.23910018801689148,False
HD 141004,Unknown_2,389.9415732799502,Unknown,0.18170224130153656,False
HD 141937,HD 141937 b,653.21997,3079.7727,0.377766877412796,True
HD 141937,Unknown_1,253.64067395953455,Unknown,0.2679910659790039,False
HD 141937,Unknown_2,0.9961078324962105,Unknown,0.13343235850334167,False
HD 142,HD 142 b,351.43394,396.96768,0.8387333154678345,True
HD 142,Unknown_1,6928.687460399621,Unknown,0.2940259873867035,False
HD 142,Unknown_2,27.210619418727106,Unknown,0.006771502085030079,False
HD 142022A,HD 142022 A b,1928.0,1433.40612,0.6605867147445679,True
HD 142022A,Unknown_1,414.6507815641878,Unknown,0.773810088634491,False
HD 142022A,Unknown_2,175.43700561971022,Unknown,0.3980548679828644,False
HD 142415,HD 142415 b,386.29999,530.7761,0.9199752807617188,True
HD 142415,Unknown_1,0.33301242371636547,Unknown,0.010085691697895527,False
HD 142415,Unknown_2,0.25,Unknown,0.02008548565208912,False
HD 143361,Unknown_0,6928.687460399621,Unknown,0.20175674557685852,False
HD 143361,Unknown_1,1491.3420156831735,Unknown,0.3184617757797241,False
HD 143361,Unknown_2,105.13886880021947,Unknown,0.09073490649461746,False
HD 145377,HD 145377 b,103.95,1913.3366,0.8820179104804993,True
HD 145377,Unknown_1,145.90573408209116,Unknown,0.2040080726146698,False
HD 145377,Unknown_2,2027.6453548955983,Unknown,0.16149598360061646,False
HD 145457,HD 145457 b,176.13,888.01257,0.5781115293502808,True
HD 145457,Unknown_1,0.25,Unknown,0.06662342697381973,False
HD 145457,Unknown_2,27.210619418727106,Unknown,0.056493185460567474,False
HD 1461,Unknown_0,5096.07989300631,Unknown,0.2554478645324707,False
HD 1461,Unknown_1,436.43370089119543,Unknown,0.31766727566719055,False
HD 1461,Unknown_2,52.40304795101105,Unknown,0.04099525883793831,False
HD 147506,Unknown_0,0.9961078324962105,Unknown,0.061873577535152435,False
HD 147506,Unknown_1,33.054792284586675,Unknown,0.12085616588592529,False
HD 147506,Unknown_2,18.251529360294725,Unknown,0.10674150288105011,False
HD 147513,HD 147513 b,528.4,385.0,0.5412654876708984,True
HD 147513,Unknown_1,355.6109427615939,Unknown,0.24691356718540192,False
HD 147513,Unknown_2,0.8369599311461682,Unknown,0.19142413139343262,False
HD 148427,HD 148427 b,331.5,413.179,0.31722554564476013,True
HD 148427,Unknown_1,4026.7214780209224,Unknown,0.13736987113952637,False
HD 148427,Unknown_2,280.98975116197335,Unknown,0.10362844169139862,False
HD 149026,Unknown_0,0.7401824259769502,Unknown,0.15863923728466034,False
HD 149026,Unknown_1,0.4345968230022205,Unknown,0.16419491171836853,False
HD 149026,Unknown_2,1.4850652016609893,Unknown,0.14715249836444855,False
HD 149143,Unknown_0,280.98975116197335,Unknown,0.5911003947257996,False
HD 149143,Unknown_1,1178.399682051259,Unknown,0.6423940062522888,False
HD 149143,Unknown_2,28.93485943013452,Unknown,0.06452235579490662,False
HD 152079,Unknown_0,2200.742659920281,Unknown,0.17511101067066193,False
HD 152079,Unknown_1,0.8991554351214424,Unknown,0.23120644688606262,False
HD 152079,Unknown_2,2.3543316292236027,Unknown,0.15503789484500885,False
HD 153950,HD 153950 b,499.39999,937.5985,0.34921762347221375,True
HD 153950,Unknown_1,1292.1622220149748,Unknown,0.19483228027820587,False
HD 153950,Unknown_2,28.059498354171577,Unknown,0.05551186203956604,False
HD 154345,Unknown_0,4026.7214780209224,Unknown,0.22988589107990265,False
HD 154345,Unknown_1,406.2451340222695,Unknown,0.16978062689304352,False
HD 154345,Unknown_2,341.3394497136815,Unknown,0.12499457597732544,False
HD 154672,Unknown_0,104.0677444843215,Unknown,0.17500346899032593,False
HD 154672,Unknown_1,68.38843398389169,Unknown,0.1461038440465927,False
HD 154672,Unknown_2,23.819101360830185,Unknown,0.0575987808406353,False
HD 154857,HD 154857 b,408.60001,778.6835,0.42221584916114807,True
HD 154857,Unknown_1,30.454899272643193,Unknown,0.02348569966852665,False
HD 154857,Unknown_2,0.9659727621622972,Unknown,0.04969443008303642,False
HD 155358,HD 155358 b,194.3,314.6517,0.4190959632396698,True
HD 155358,HD 155358 c,391.9,261.0,0.166741281747818,True
HD 155358,Unknown_2,217.5261767243856,Unknown,0.050649989396333694,False
HD 156279,HD 156279 b,133.40355,2997.75753,0.3505556881427765,True
HD 156279,Unknown_1,1.006360339898289,Unknown,0.09653669595718384,False
HD 156279,Unknown_2,2.4030452757751433,Unknown,0.08701352775096893,False
HD 159868,Unknown_0,1374.0419385382215,Unknown,0.2898554801940918,False
HD 159868,Unknown_1,541.1387068149427,Unknown,0.49254125356674194,False
HD 159868,Unknown_2,11.99404788627494,Unknown,0.01905713975429535,False
HD 160691,HD 160691 b,645.0,1366.66215,0.3694135844707489,True
HD 160691,Unknown_1,26.118594064141497,Unknown,0.023426422849297523,False
HD 160691,Unknown_2,0.9961078324962105,Unknown,0.014353042468428612,False
HD 16141,HD 16141 b,75.523,82.6358,0.2794678509235382,True
HD 16141,Unknown_1,59.86453361843245,Unknown,0.08000238239765167,False
HD 16141,Unknown_2,24.311944115208608,Unknown,0.08656792342662811,False
HD 16175,HD 16175 b,990.0,1875.1876,0.5528839230537415,True
HD 16175,Unknown_1,503.70758725958154,Unknown,0.30680522322654724,False
HD 16175,Unknown_2,0.9961078324962105,Unknown,0.04800081625580788,False
HD 162020,HD 162020 b,8.4282,3127.4472,0.19448018074035645,True
HD 162020,Unknown_1,0.8991554351214424,Unknown,0.15918226540088654,False
HD 162020,HD 162020 b,8.4282,3127.4472,0.12468228489160538,True
HD 163607,HD 163607 b,75.2203,249.05159,0.15573464334011078,True
HD 163607,Unknown_1,1446.2247150572864,Unknown,0.205999955534935,False
HD 163607,Unknown_2,21.281715504074405,Unknown,0.12587647140026093,False
HD 16417,Unknown_0,341.3394497136815,Unknown,0.22766022384166718,False
HD 16417,Unknown_1,41.40682311273867,Unknown,0.029980210587382317,False
HD 16417,Unknown_2,1.0701298093559366,Unknown,0.0698101744055748,False
HD 164509,Unknown_0,2646.172234593214,Unknown,0.2881716191768646,False
HD 164509,HD 164509 b,280.17,140.79869,0.4642391800880432,True
HD 164509,Unknown_2,155.15126064386322,Unknown,0.36107540130615234,False
HD 164604,HD 164604 b,641.472,635.0,0.30472826957702637,True
HD 164604,Unknown_1,60.48069338951555,Unknown,0.024719223380088806,False
HD 164604,Unknown_2,1491.3420156831735,Unknown,0.6069183945655823,False
HD 164922,HD 164922 b,1207.0,116.0,0.40086403489112854,True
HD 164922,Unknown_1,275.29363067656374,Unknown,0.3733532428741455,False
HD 164922,Unknown_2,30.144633587636292,Unknown,0.03102853335440159,False
HD 167042,HD 167042 b,417.67,444.00628,0.9383966326713562,True
HD 167042,Unknown_1,0.33301242371636547,Unknown,0.011131052859127522,False
HD 167042,Unknown_2,0.8991554351214424,Unknown,0.006834792904555798,False
HD 168443,Unknown_0,2048.515032185216,Unknown,0.3527515232563019,False
HD 168443,Unknown_1,30.144633587636292,Unknown,0.006123132072389126,False
HD 168443,Unknown_2,311.28777189207483,Unknown,0.44435781240463257,False
HD 168746,Unknown_0,3214.505051050799,Unknown,0.39719051122665405,False
HD 168746,Unknown_1,29.53355270588298,Unknown,0.020320123061537743,False
HD 168746,Unknown_2,327.6407048276646,Unknown,0.5409376621246338,False
HD 169830,HD 169830 b,225.67372,804.4237,0.5207294821739197,True
HD 169830,Unknown_1,1.006360339898289,Unknown,0.23445582389831543,False
HD 169830,Unknown_2,0.25,Unknown,0.07147751748561859,False
HD 170469,HD 170469 b,1145.0,209.7678,0.45344915986061096,True
HD 170469,Unknown_1,91.0967926205697,Unknown,0.16007329523563385,False
HD 170469,Unknown_2,28.348302643415877,Unknown,0.02419014647603035,False
HD 17051,HR 810 b,302.79999,721.4741,0.3186072111129761,True
HD 17051,Unknown_1,33.054792284586675,Unknown,0.10873733460903168,False
HD 17051,Unknown_2,0.4668922381431343,Unknown,0.10780709236860275,False
HD 171028,HD 171028 b,550.0,832.7146,0.2543199956417084,True
HD 171028,Unknown_1,57.46203084751872,Unknown,0.14289017021656036,False
HD 171028,Unknown_2,275.29363067656374,Unknown,0.2974475026130676,False
HD 17156,Unknown_0,57.46203084751872,Unknown,0.1522476226091385,False
HD 17156,Unknown_1,30.454899272643193,Unknown,0.08676917105913162,False
HD 17156,Unknown_2,16.815972808235006,Unknown,0.09307362139225006,False
HD 173416,HD 173416 b,322.03,585.1221,0.8704925775527954,True
HD 173416,Unknown_1,0.33301242371636547,Unknown,0.018280496820807457,False
HD 173416,Unknown_2,1.0377553655263516,Unknown,0.0058552902191877365,False
HD 175167,Unknown_0,1446.2247150572864,Unknown,0.533786952495575,False
HD 175167,Unknown_1,12.36822145596457,Unknown,0.08960043638944626,False
HD 175167,Unknown_2,0.2604525663967961,Unknown,0.2453773021697998,False
HD 175541,HD 175541 b,298.43,190.06234,0.15715695917606354,True
HD 175541,Unknown_1,184.65326737609706,Unknown,0.10461539775133133,False
HD 175541,Unknown_2,366.70479674112187,Unknown,0.13381513953208923,False
HD 177830,HD 177830 b,410.10001,537.1327,0.31487175822257996,True
HD 177830,Unknown_1,190.41382235003815,Unknown,0.08415766805410385,False
HD 177830,Unknown_2,27.77363631930261,Unknown,0.005629581864923239,False
HD 178911B,Unknown_0,4110.038664269019,Unknown,0.26176536083221436,False
HD 178911B,Unknown_1,1585.8430461288156,Unknown,0.26273319125175476,False
HD 178911B,Unknown_2,389.9415732799502,Unknown,0.1161959320306778,False
HD 179079,HD 179079 b,14.479,25.74423,0.07857920974493027,True
HD 179079,Unknown_1,22.399711448075344,Unknown,0.061292003840208054,False
HD 179079,Unknown_2,28.64007947038816,Unknown,0.05553412809967995,False
HD 179949,HD 179949 b,3.092514,291.12,0.09566746652126312,True
HD 179949,Unknown_1,4.723613872776106,Unknown,0.07570915669202805,False
HD 179949,Unknown_2,1.59542219154336,Unknown,0.1229260042309761,False
HD 180314,HD 180314 b,394.73,7216.92964,0.31486862897872925,True
HD 180314,Unknown_1,52.40304795101105,Unknown,0.1134982705116272,False
HD 180314,Unknown_2,524.7677352611845,Unknown,0.245616614818573,False
HD 180902,HD 180902 b,510.9,535.54355,0.6215895414352417,True
HD 180902,Unknown_1,92.98168296592893,Unknown,0.4196624755859375,False
HD 180902,Unknown_2,1.3543193970906993,Unknown,0.12959977984428406,False
HD 181342,HD 181342 b,564.1,807.2882,0.34939879179000854,True
HD 181342,Unknown_1,0.25517276813797946,Unknown,0.1612764298915863,False
HD 181342,Unknown_2,0.9961078324962105,Unknown,0.17886444926261902,False
HD 181433,Unknown_0,1108.1783669580027,Unknown,0.3509632349014282,False
HD 181433,Unknown_1,552.3354470583016,Unknown,0.4733280837535858,False
HD 181433,Unknown_2,30.144633587636292,Unknown,0.007088390178978443,False
HD 183263,HD 183263 b,624.87404,1103.1824,0.2780858874320984,True
HD 183263,Unknown_1,468.8656166479623,Unknown,0.290225088596344,False
HD 183263,Unknown_2,28.059498354171577,Unknown,0.04434854909777641,False
HD 185269,Unknown_0,0.9961078324962105,Unknown,0.657431423664093,False
HD 185269,Unknown_1,192.37366952663305,Unknown,0.2793590724468231,False
HD 185269,Unknown_2,222.02702662893114,Unknown,0.1977546066045761,False
HD 187085,HD 187085 b,1019.74,265.70588,0.5319081544876099,True
HD 187085,Unknown_1,26.659015788876733,Unknown,0.03659322112798691,False
HD 187085,Unknown_2,12.24221760128103,Unknown,0.022048551589250565,False
HD 187123,Unknown_0,2872.0723316359795,Unknown,0.22946974635124207,False
HD 187123,Unknown_1,320.9988934345255,Unknown,0.20584481954574585,False
HD 187123,Unknown_2,29.837528799483152,Unknown,0.01515321433544159,False
HD 188015,HD 188015 b,461.2,476.72,0.6395736932754517,True
HD 188015,Unknown_1,1986.541676930814,Unknown,0.40702134370803833,False
HD 188015,Unknown_2,605.6578336190046,Unknown,0.5476887822151184,False
HD 189733,Unknown_0,39.340159870164456,Unknown,0.15275838971138,False
HD 189733,Unknown_1,33.054792284586675,Unknown,0.1720208078622818,False
HD 189733,Unknown_2,44.030625976524895,Unknown,0.33373168110847473,False
HD 190228,Unknown_0,5255.060282535331,Unknown,0.29721781611442566,False
HD 190228,Unknown_1,389.9415732799502,Unknown,0.608195424079895,False
HD 190228,Unknown_2,337.86198235326805,Unknown,0.12691745162010193,False
HD 190360,HD 190360 b,2854.0,572.09113,0.7337093949317932,True
HD 190360,Unknown_1,1416.907381624741,Unknown,0.623196542263031,False
HD 190360,Unknown_2,29.837528799483152,Unknown,0.006616684142500162,False
HD 190647,Unknown_0,1010.6138478828398,Unknown,0.27382850646972656,False
HD 190647,Unknown_1,774.388925809214,Unknown,0.342702180147171,False
HD 190647,Unknown_2,0.9961078324962105,Unknown,0.018525468185544014,False
HD 192263,Unknown_0,6928.687460399621,Unknown,0.21562005579471588,False
HD 192263,Unknown_1,317.7286497648186,Unknown,0.2825259268283844,False
HD 192263,Unknown_2,32.71803964327517,Unknown,0.028240865096449852,False
HD 192310,HD 192310 b,74.72,16.9,0.20463469624519348,True
HD 192310,Unknown_1,61.73210380442832,Unknown,0.12316086888313293,False
HD 192310,HD 192310 c,525.8,24.0,0.7189168334007263,True
HD 192699,HD 192699 b,340.94,666.17168,0.6598080992698669,True
HD 192699,Unknown_1,0.33301242371636547,Unknown,0.05712888017296791,False
HD 192699,Unknown_2,194.35368856317072,Unknown,0.22415539622306824,False
HD 195019,HD 195019 b,18.20132,1264.9634,0.9030928015708923,True
HD 195019,Unknown_1,0.5119659493037221,Unknown,0.020877284929156303,False
HD 195019,Unknown_2,39.74507113289096,Unknown,0.28509587049484253,False
HD 196050,Unknown_0,29.53355270588298,Unknown,0.18099644780158997,False
HD 196050,HD 196050 b,1392.0,1493.79351,0.1898254007101059,True
HD 196050,Unknown_2,1.0167183719279231,Unknown,0.3821357190608978,False
HD 196885,Unknown_0,355.6109427615939,Unknown,0.5957844257354736,False
HD 196885,Unknown_1,4600.07218508359,Unknown,0.4421176612377167,False
HD 196885,Unknown_2,26.93340551636502,Unknown,0.18386265635490417,False
HD 196885A,Unknown_0,6928.687460399621,Unknown,0.2417696714401245,False
HD 196885A,Unknown_1,348.402129032539,Unknown,0.18285369873046875,False
HD 196885A,Unknown_2,389.9415732799502,Unknown,0.20271025598049164,False
HD 19994,Unknown_0,5588.054730845072,Unknown,0.26585665345191956,False
HD 19994,Unknown_1,366.70479674112187,Unknown,0.55524742603302,False
HD 19994,Unknown_2,1669.1524058961086,Unknown,0.4687384068965912,False
HD 202206,Unknown_0,264.24545790149506,Unknown,0.725142776966095,False
HD 202206,Unknown_1,0.9961078324962105,Unknown,0.11842095851898193,False
HD 202206,Unknown_2,6928.687460399621,Unknown,0.15719376504421234,False
HD 2039,HD 2039 b,1120.0,1999.1507,0.17919309437274933,True
HD 2039,Unknown_1,28.059498354171577,Unknown,0.07981739193201065,False
HD 2039,Unknown_2,546.7084136440399,Unknown,0.2416323721408844,False
HD 204313,HD 204313 b,2041.11539,1466.7781,0.192214697599411,True
HD 204313,Unknown_1,324.30279630892534,Unknown,0.1757034808397293,False
HD 204313,Unknown_2,29.232673432602656,Unknown,0.0830908715724945,False
HD 205739,HD 205739 b,279.8,435.41,0.310043066740036,True
HD 205739,Unknown_1,1738.9401112921125,Unknown,0.6540378332138062,False
HD 205739,Unknown_2,10.607178589289317,Unknown,0.03893112391233444,False
HD 206610,HD 206610 b,673.2,647.10188,0.6741163730621338,True
HD 206610,Unknown_1,990.127057108589,Unknown,0.5842832922935486,False
HD 206610,Unknown_2,0.9961078324962105,Unknown,0.07503701001405716,False
HD 20782,HD 20781 d,29.158,10.61,0.139298677444458,True
HD 20782,Unknown_1,2.717239072380409,Unknown,0.19346265494823456,False
HD 20782,Unknown_2,0.5067501886295892,Unknown,0.2998250722885132,False
HD 207832,HD 207832 b,160.07,177.9848,0.7582885026931763,True
HD 207832,Unknown_1,1585.8430461288156,Unknown,0.3103907108306885,False
HD 207832,Unknown_2,36.24589729381565,Unknown,0.01991020329296589,False
HD 208487,HD 208487 b,130.08,165.265,0.17011308670043945,True
HD 208487,Unknown_1,95.88239576622745,Unknown,0.13009123504161835,False
HD 208487,Unknown_2,202.4796678998458,Unknown,0.17528919875621796,False
HD 208527,Unknown_0,2646.172234593214,Unknown,0.228786900639534,False
HD 208527,Unknown_1,22.630261996855097,Unknown,0.06832577288150787,False
HD 208527,Unknown_2,0.6819640865515295,Unknown,0.18539933860301971,False
HD 20868,Unknown_0,42.26357469390877,Unknown,0.17803725600242615,False
HD 20868,Unknown_1,127.72011602337271,Unknown,0.22697976231575012,False
HD 20868,Unknown_2,83.93166169172942,Unknown,0.20052526891231537,False
HD 209458,Unknown_0,406.2451340222695,Unknown,0.17967411875724792,False
HD 209458,Unknown_1,831.9347027589159,Unknown,0.3350606858730316,False
HD 209458,Unknown_2,43.582054723420775,Unknown,0.011095329187810421,False
HD 210277,Unknown_0,1635.3159646267077,Unknown,0.7683840990066528,False
HD 210277,Unknown_1,289.75567733096835,Unknown,0.7688888311386108,False
HD 210277,Unknown_2,2413.202047522309,Unknown,0.30437517166137695,False
HD 210702,HD 210702 b,355.5,481.51004,0.6614366769790649,True
HD 210702,Unknown_1,611.8916079351294,Unknown,0.4258062541484833,False
HD 210702,Unknown_2,0.33301242371636547,Unknown,0.020592086017131805,False
HD 212301,HD 212301 b,2.24571,162.0933,0.16898997128009796,True
HD 212301,Unknown_1,1.696518411934915,Unknown,0.06785427778959274,False
HD 212301,Unknown_2,1.9183351068719785,Unknown,0.0699271410703659,False
HD 212771,HD 212771 b,380.7,759.6137,0.22523090243339539,True
HD 212771,Unknown_1,180.91004451957193,Unknown,0.3178824782371521,False
HD 212771,Unknown_2,0.49647753591360344,Unknown,0.22222942113876343,False
HD 213240,Unknown_0,29.53355270588298,Unknown,0.4291865825653076,False
HD 213240,Unknown_1,2842.812491326316,Unknown,0.2711983621120453,False
HD 213240,Unknown_2,6.899525750912851,Unknown,0.06892486661672592,False
HD 216437,Unknown_0,29.53355270588298,Unknown,0.17474666237831116,False
HD 216437,Unknown_1,0.9859597746673736,Unknown,0.21070750057697296,False
HD 216437,Unknown_2,79.74253373969613,Unknown,0.18522445857524872,False
HD 216770,HD 216770 b,118.45,181.1631,0.3600940704345703,True
HD 216770,Unknown_1,61.10319502681816,Unknown,0.18960802257061005,False
HD 216770,Unknown_2,74.9906438051007,Unknown,0.35410887002944946,False
HD 217014,51 Peg b,4.230785,146.2018,0.3074386715888977,True
HD 217014,Unknown_1,0.8033707852498857,Unknown,0.21161647140979767,False
HD 217014,Unknown_2,6928.687460399621,Unknown,0.1299990564584732,False
HD 217107,Unknown_0,2246.278385964792,Unknown,0.5175573825836182,False
HD 217107,Unknown_1,1131.1077659491966,Unknown,0.5448238849639893,False
HD 217107,HD 217107 c,4270.0,826.32,0.43963274359703064,True
HD 218566,HD 218566 b,225.7,63.566,0.2353731244802475,True
HD 218566,Unknown_1,100.91940180773815,Unknown,0.08172059804201126,False
HD 218566,Unknown_2,53.48732321810704,Unknown,0.09412448853254318,False
HD 219134,Unknown_0,2006.9882918281505,Unknown,0.5207204818725586,False
HD 219134,Unknown_1,3488.9229417246706,Unknown,0.3382425904273987,False
HD 219134,Unknown_2,308.1164623134178,Unknown,0.1436774879693985,False
HD 219828,Unknown_0,1986.541676930814,Unknown,0.5262218713760376,False
HD 219828,Unknown_1,175.43700561971022,Unknown,0.41409915685653687,False
HD 219828,Unknown_2,366.70479674112187,Unknown,0.35313668847084045,False
HD 220074,Unknown_0,1374.0419385382215,Unknown,0.22637030482292175,False
HD 220074,Unknown_1,8.295987443887613,Unknown,0.05307163670659065,False
HD 220074,Unknown_2,5.022932455442193,Unknown,0.08651046454906464,False
HD 22049,eps Eri b,2671.0,209.76675,0.954863429069519,True
HD 22049,Unknown_1,317.7286497648186,Unknown,0.7281833291053772,False
HD 22049,Unknown_2,478.566949139125,Unknown,0.35742610692977905,False
HD 220773,Unknown_0,3348.9043609665787,Unknown,0.13360953330993652,False
HD 220773,Unknown_1,370.4791307241651,Unknown,0.10769979655742645,False
HD 220773,Unknown_2,1388.1843583506698,Unknown,0.13468779623508453,False
HD 221287,HD 221287 b,456.1,982.05,0.5141541361808777,True
HD 221287,Unknown_1,147.40747874253987,Unknown,0.1665322631597519,False
HD 221287,Unknown_2,59.86453361843245,Unknown,0.07739211618900299,False
HD 222582,HD 222582 b,572.38,2660.2371,0.19062268733978271,True
HD 222582,Unknown_1,450.0489505003107,Unknown,0.3070908784866333,False
HD 222582,Unknown_2,31.085043803054806,Unknown,0.0876028835773468,False
HD 224693,HD 224693 b,26.6904,222.481,0.07541981339454651,True
HD 224693,Unknown_1,13.98534390291918,Unknown,0.11816276609897614,False
HD 224693,Unknown_2,23.336249332795667,Unknown,0.17512546479701996,False
HD 22781,HD 22781 b,528.07,4338.2,0.4292478859424591,True
HD 22781,Unknown_1,173.6497042651116,Unknown,0.3101819157600403,False
HD 22781,Unknown_2,51.86918088997056,Unknown,0.046223510056734085,False
HD 23079,HD 23079 b,730.59998,829.5363,0.14201025664806366,True
HD 23079,Unknown_1,0.9659727621622972,Unknown,0.11031593382358551,False
HD 23079,Unknown_2,30.76835838824905,Unknown,0.08446240425109863,False
HD 23127,HD 23127 b,1211.17,485.32641,0.16404330730438232,True
HD 23127,Unknown_1,34.08598957025253,Unknown,0.09757702052593231,False
HD 23127,Unknown_2,50.299991929409224,Unknown,0.11772706359624863,False
HD 231701,HD 231701 b,141.63,359.1479,0.14620745182037354,True
HD 231701,Unknown_1,42.26357469390877,Unknown,0.04555061459541321,False
HD 231701,Unknown_2,37.761347886115885,Unknown,0.051037732511758804,False
HD 23596,Unknown_0,4647.418739933457,Unknown,0.5624285340309143,False
HD 23596,Unknown_1,393.95507336097285,Unknown,0.4677574038505554,False
HD 23596,Unknown_2,334.4199424222153,Unknown,0.11368097364902496,False
HD 240210,HD 240210 b,501.75,1655.82,0.8444699645042419,True
HD 240210,Unknown_1,1063.7045953213103,Unknown,0.23541197180747986,False
HD 240210,Unknown_2,1431.4909969164341,Unknown,0.21210254728794098,False
HD 240237,HD 240237 b,745.70001,5050.3187,0.38418999314308167,True
HD 240237,Unknown_1,0.9961078324962105,Unknown,0.025943731889128685,False
HD 240237,Unknown_2,17.519053097454183,Unknown,0.006041903980076313,False
HD 2638,HD 2638 b,3.4442,133.4886,0.22041255235671997,True
HD 2638,Unknown_1,1.4109438507729366,Unknown,0.41506609320640564,False
HD 2638,Unknown_2,3.888466709048554,Unknown,0.05693720281124115,False
HD 27442,HD 27442 b,428.1,495.8,0.4124663472175598,True
HD 27442,Unknown_1,23.576439261251178,Unknown,0.09941254556179047,False
HD 27442,Unknown_2,0.4668922381431343,Unknown,0.17359401285648346,False
HD 27894,HD 27894 b,18.01939,196.73578,0.3458496034145355,True
HD 27894,Unknown_1,48.281336430352006,Unknown,0.18068115413188934,False
HD 27894,Unknown_2,0.9463909189948977,Unknown,0.21327874064445496,False
HD 28185,HD 28185 b,385.52775,1855.16441,0.21150913834571838,True
HD 28185,Unknown_1,3597.76549128386,Unknown,0.21089592576026917,False
HD 28185,Unknown_2,337.86198235326805,Unknown,0.15779560804367065,False
HD 2952,Unknown_0,275.29363067656374,Unknown,0.08517725765705109,False
HD 2952,Unknown_1,9.477223914475028,Unknown,0.08204033225774765,False
HD 2952,Unknown_2,650.6649991913408,Unknown,0.16144441068172455,False
HD 30177,Unknown_0,2842.812491326316,Unknown,0.22860968112945557,False
HD 30177,Unknown_1,431.98744086732,Unknown,0.6612590551376343,False
HD 30177,Unknown_2,11.512698888136665,Unknown,0.18354526162147522,False
HD 30562,HD 30562 b,1157.0,467.20776,0.20166733860969543,True
HD 30562,Unknown_1,275.29363067656374,Unknown,0.10897649824619293,False
HD 30562,Unknown_2,222.02702662893114,Unknown,0.11628138273954391,False
HD 31253,HD 31253 b,466.0,197.0546,0.19437673687934875,True
HD 31253,Unknown_1,0.8199933884535823,Unknown,0.21564118564128876,False
HD 31253,Unknown_2,21.06490355602357,Unknown,0.3013871908187866,False
HD 32518,HD 32518 b,157.35,905.49313,0.829239547252655,True
HD 32518,Unknown_1,1.006360339898289,Unknown,0.014559422619640827,False
HD 32518,Unknown_2,20.013529443861565,Unknown,0.02506794035434723,False
HD 330075,HD 330075 b,3.38773,152.5584,0.3351192772388458,True
HD 330075,Unknown_1,1.4109438507729366,Unknown,0.5454235076904297,False
HD 330075,Unknown_2,0.7790665539930668,Unknown,0.1154971644282341,False
HD 33283,Unknown_0,54.59403330342077,Unknown,0.1355537623167038,False
HD 33283,Unknown_1,47.30259500520532,Unknown,0.15991143882274628,False
HD 33283,Unknown_2,13.424079570800513,Unknown,0.1495472639799118,False
HD 3651,HD 3651 b,62.25,72.46524,0.4175820052623749,True
HD 3651,Unknown_1,31.085043803054806,Unknown,0.4666586220264435,False
HD 3651,Unknown_2,52.94240987497348,Unknown,0.03471647575497627,False
HD 37124,HD 37124 b,154.378,214.53525,0.2880726158618927,True
HD 37124,Unknown_1,2156.1300173009395,Unknown,0.20759589970111847,False
HD 37124,Unknown_2,269.71297984244967,Unknown,0.3068627417087555,False
HD 37605,HD 37605 b,55.01292,854.9627,0.06503083556890488,True
HD 37605,Unknown_1,67.00208890130475,Unknown,0.05730428919196129,False
HD 37605,Unknown_2,27.490686563974354,Unknown,0.13105447590351105,False
HD 38529,HD 38529 c,2127.60566,3299.05886,0.7922081351280212,True
HD 38529,Unknown_1,440.92572434782306,Unknown,0.8179299831390381,False
HD 38529,Unknown_2,308.1164623134178,Unknown,0.4139965772628784,False
HD 38801,HD 38801 b,685.25,3082.31534,0.4836176931858063,True
HD 38801,Unknown_1,14.720038329030102,Unknown,0.009717562235891819,False
HD 38801,Unknown_2,54.03784511876992,Unknown,0.1161382719874382,False
HD 39091,Unknown_0,32.05479162414341,Unknown,0.08676225692033768,False
HD 39091,HD 39091 b,2088.75851,3917.23512,0.30423587560653687,True
HD 39091,Unknown_2,58.65098189676526,Unknown,0.18476226925849915,False
HD 40307,HD 40307 d,20.432,9.5,0.8834226727485657,True
HD 40307,Unknown_1,1.0484365329858454,Unknown,0.8890902400016785,False
HD 40307,HD 40307 b,4.3123,4.0,0.8686903119087219,True
HD 40979,HD 40979 b,264.14999,1484.2661,0.846363365650177,True
HD 40979,Unknown_1,222.02702662893114,Unknown,0.04379788413643837,False
HD 40979,Unknown_2,152.00609157475648,Unknown,0.0996708869934082,False
HD 41004A,Unknown_0,782.3593763316749,Unknown,0.21622006595134735,False
HD 41004A,Unknown_1,552.3354470583016,Unknown,0.2193935662508011,False
HD 41004A,Unknown_2,261.55340178035016,Unknown,0.16855725646018982,False
HD 41004B,HD 41004 B b,1.3283,5838.29,0.27469709515571594,True
HD 41004B,Unknown_1,4.051044534880798,Unknown,0.7357897162437439,False
HD 41004B,Unknown_2,5.232942595430719,Unknown,0.1430194079875946,False
HD 4203,HD 4203 b,431.88,708.7609,0.18995007872581482,True
HD 4203,Unknown_1,194.35368856317072,Unknown,0.11300303786993027,False
HD 4203,Unknown_2,19.607822564592453,Unknown,0.061107877641916275,False
HD 4208,HD 4208 b,832.97,257.4423,0.6043078899383545,True
HD 4208,Unknown_1,0.9961078324962105,Unknown,0.016184503212571144,False
HD 4208,Unknown_2,123.85622242284272,Unknown,0.49411627650260925,False
HD 4308,Unknown_0,2156.1300173009395,Unknown,0.6460362672805786,False
HD 4308,Unknown_1,459.3609459870271,Unknown,0.4492899477481842,False
HD 4308,Unknown_2,112.95186520431837,Unknown,0.043705567717552185,False
HD 4313,HD 4313 b,356.21,612.45841,0.7445653080940247,True
HD 4313,Unknown_1,27.210619418727106,Unknown,0.02694462612271309,False
HD 4313,Unknown_2,10.286281531355753,Unknown,0.016154903918504715,False
HD 43691,HD 43691 b,36.9987,810.4665,0.20477113127708435,True
HD 43691,Unknown_1,159.99145317831127,Unknown,0.5879529118537903,False
HD 43691,Unknown_2,19.607822564592453,Unknown,0.20355446636676788,False
HD 45350,Unknown_0,264.24545790149506,Unknown,0.22219449281692505,False
HD 45350,Unknown_1,210.94539659074323,Unknown,0.14796875417232513,False
HD 45350,HD 45350 b,963.6,568.89,0.2966211438179016,True
HD 45364,HD 45364 c,345.43,174.4878,0.8662877082824707,True
HD 45364,HD 45364 b,225.79,60.16492,0.20422209799289703,True
HD 45364,Unknown_2,171.8806114185804,Unknown,0.17074739933013916,False
HD 45652,Unknown_0,1074.6528469878265,Unknown,0.29488399624824524,False
HD 45652,Unknown_1,0.9961078324962105,Unknown,0.11102834343910217,False
HD 45652,Unknown_2,245.96732846424064,Unknown,0.31804731488227844,False
HD 46375,HD 46375 b,3.023573,71.8,0.1333000659942627,True
HD 46375,Unknown_1,3.3348093716007483,Unknown,0.09477764368057251,False
HD 46375,Unknown_2,0.7326416619977337,Unknown,0.2087148278951645,False
HD 47186,Unknown_0,0.8033707852498857,Unknown,0.36583366990089417,False
HD 47186,HD 47186 b,4.0845,22.2481,0.4797840118408203,True
HD 47186,HD 47186 c,1353.6,111.42,0.12988358736038208,True
HD 4732,HD 4732 b,371.74,631.20722,0.9107655882835388,True
HD 4732,Unknown_1,4695.252612409214,Unknown,0.17512056231498718,False
HD 4732,Unknown_2,0.33301242371636547,Unknown,0.017156289890408516,False
HD 47536,HD 47536 b,712.13,2330.0,0.3222825229167938,True
HD 47536,Unknown_1,6928.687460399621,Unknown,0.16915932297706604,False
HD 47536,Unknown_2,0.9961078324962105,Unknown,0.07431463152170181,False
HD 48265,Unknown_0,6858.1000011585165,Unknown,0.19101446866989136,False
HD 48265,Unknown_1,179.06698543127888,Unknown,0.26706385612487793,False
HD 48265,Unknown_2,389.9415732799502,Unknown,0.530356764793396,False
HD 49674,Unknown_0,6.101735003499507,Unknown,0.23306630551815033,False
HD 49674,Unknown_1,0.30369386098794066,Unknown,0.2026430070400238,False
HD 49674,Unknown_2,0.8116395335256094,Unknown,0.3152015507221222,False
HD 50499,Unknown_0,4841.728551744933,Unknown,0.269688218832016,False
HD 50499,Unknown_1,27.77363631930261,Unknown,0.008347674272954464,False
HD 50499,Unknown_2,414.6507815641878,Unknown,0.6785398125648499,False
HD 50554,Unknown_0,3985.6984069371692,Unknown,0.14613425731658936,False
HD 50554,Unknown_1,6719.075130158618,Unknown,0.1423148214817047,False
HD 50554,Unknown_2,24.81498431477456,Unknown,0.06495893746614456,False
HD 52265,Unknown_0,179.06698543127888,Unknown,0.43822187185287476,False
HD 52265,Unknown_1,29.837528799483152,Unknown,0.01242696214467287,False
HD 52265,Unknown_2,200.4168637415228,Unknown,0.17744657397270203,False
HD 5319,HD 5319 b,637.1,494.54348,0.46540507674217224,True
HD 5319,Unknown_1,362.9689145785299,Unknown,0.5924686193466187,False
HD 5319,Unknown_2,13.424079570800513,Unknown,0.026382755488157272,False
HD 5608,HD 5608 b,768.7,371.22358,0.1697712391614914,True
HD 5608,Unknown_1,4792.402424862154,Unknown,0.18888263404369354,False
HD 5608,Unknown_2,21.06490355602357,Unknown,0.08369733393192291,False
HD 60532,Unknown_0,691.8953221165132,Unknown,0.26122191548347473,False
HD 60532,HD 60532 c,600.1,797.7533,0.2532758414745331,True
HD 60532,Unknown_2,304.97746111739514,Unknown,0.2959912121295929,False
HD 63454,Unknown_0,0.2975374911712017,Unknown,0.27694204449653625,False
HD 63454,Unknown_1,3.136086728319406,Unknown,0.07577021420001984,False
HD 63454,HD 63454 b,2.81805,79.4575,0.08366379141807556,True
HD 6434,HD 6434 b,21.998,155.7367,0.5516344308853149,True
HD 6434,Unknown_1,19.607822564592453,Unknown,0.027128905057907104,False
HD 6434,Unknown_2,1.0377553655263516,Unknown,0.049758218228816986,False
HD 65216,HD 65216 b,577.6,411.58985,0.20567810535430908,True
HD 65216,Unknown_1,893.7567759395904,Unknown,0.1614198386669159,False
HD 65216,Unknown_2,0.9961078324962105,Unknown,0.1634361743927002,False
HD 66428,HD 66428 b,2269.81726,3478.94974,0.23732104897499084,True
HD 66428,Unknown_1,27.210619418727106,Unknown,0.009662419557571411,False
HD 66428,Unknown_2,320.9988934345255,Unknown,0.5948070883750916,False
HD 68988,Unknown_0,0.5333713816157056,Unknown,0.20307259261608124,False
HD 68988,Unknown_1,0.6219236633536146,Unknown,0.20223014056682587,False
HD 68988,Unknown_2,41.833005647009145,Unknown,0.11607653647661209,False
HD 69830,Unknown_0,4152.34151588163,Unknown,0.6305742263793945,False
HD 69830,HD 69830 c,31.56,11.8,0.012206866405904293,True
HD 69830,Unknown_2,337.86198235326805,Unknown,0.28540730476379395,False
HD 70642,HD 70642 b,2124.54,1239.53079,0.5200200080871582,True
HD 70642,Unknown_1,558.0203970954925,Unknown,0.4352797567844391,False
HD 70642,Unknown_2,0.9272060317219628,Unknown,0.20718231797218323,False
HD 72659,HD 72659 b,3549.39854,949.67128,0.28611502051353455,True
HD 72659,Unknown_1,292.7380072853323,Unknown,0.16858842968940735,False
HD 72659,Unknown_2,406.2451340222695,Unknown,0.1373862624168396,False
HD 73267,HD 73267 b,1257.99159,1321.53052,0.21494868397712708,True
HD 73267,Unknown_1,637.4749585734664,Unknown,0.30302324891090393,False
HD 73267,Unknown_2,0.9659727621622972,Unknown,0.04909057170152664,False
HD 73526,HD 73526 c,379.1,715.09,0.172199085354805,True
HD 73526,HD 73526 b,188.3,978.9164,0.13531601428985596,True
HD 73526,Unknown_2,1.0377553655263516,Unknown,0.12492071837186813,False
HD 73534,HD 73534 b,1750.0,353.42696,0.5950464606285095,True
HD 73534,Unknown_1,28.93485943013452,Unknown,0.07378412783145905,False
HD 73534,Unknown_2,436.43370089119543,Unknown,0.5857780575752258,False
HD 74156,Unknown_0,4460.907032159145,Unknown,0.6058171987533569,False
HD 74156,Unknown_1,393.95507336097285,Unknown,0.3613593876361847,False
HD 74156,Unknown_2,331.0129689961431,Unknown,0.14834535121917725,False
HD 75289,Unknown_0,1360.043597598978,Unknown,0.2918717861175537,False
HD 75289,Unknown_1,1686.3322702023277,Unknown,0.29337847232818604,False
HD 75289,Unknown_2,3314.7866941742514,Unknown,0.2846042811870575,False
HD 75732,Unknown_0,1.0701298093559366,Unknown,0.41488078236579895,False
HD 75732,Unknown_1,4841.728551744933,Unknown,0.27297401428222656,False
HD 75732,Unknown_2,337.86198235326805,Unknown,0.13315516710281372,False
HD 75898,HD 75898 b,422.9,861.3193,0.5985472202301025,True
HD 75898,Unknown_1,6928.687460399621,Unknown,0.39337682723999023,False
HD 75898,Unknown_2,192.37366952663305,Unknown,0.3237551152706146,False
HD 76700,HD 76700 b,3.97097,66.7443,0.468722939491272,True
HD 76700,Unknown_1,374.2923122956287,Unknown,0.149521604180336,False
HD 76700,Unknown_2,27.210619418727106,Unknown,0.10540708899497986,False
HD 7924,HD 7924 b,5.39792,6.3566,0.7782037258148193,True
HD 7924,Unknown_1,1537.8668228981637,Unknown,0.10238328576087952,False
HD 7924,HD 7924 d,24.451,6.44,0.15080246329307556,True
HD 79498,HD 79498 b,1807.0,425.8922,0.22384293377399445,True
HD 79498,Unknown_1,931.1249841119702,Unknown,0.33797916769981384,False
HD 79498,Unknown_2,0.9961078324962105,Unknown,0.1855221539735794,False
HD 80606,Unknown_0,4647.418739933457,Unknown,0.21374833583831787,False
HD 80606,Unknown_1,196.35408707988728,Unknown,0.09247786551713943,False
HD 80606,Unknown_2,1000.3180069744939,Unknown,0.20634585618972778,False
HD 81040,Unknown_0,1131.1077659491966,Unknown,0.21219198405742645,False
HD 81040,Unknown_1,514.129837492521,Unknown,0.281465619802475,False
HD 81040,Unknown_2,34.43682192893445,Unknown,0.02110399678349495,False
HD 81688,HD 81688 b,183.93,525.68819,0.953922688961029,True
HD 81688,Unknown_1,30.454899272643193,Unknown,0.04678305983543396,False
HD 81688,Unknown_2,122.59441113434141,Unknown,0.1555120050907135,False
HD 82943,HD 82943 c,220.078,622.603,0.3033510744571686,True
HD 82943,Unknown_1,24.311944115208608,Unknown,0.1299811154603958,False
HD 82943,Unknown_2,0.31964786172333715,Unknown,0.18281801044940948,False
HD 83443,Unknown_0,3865.1197929513437,Unknown,0.6070322394371033,False
HD 83443,Unknown_1,1085.7137842769118,Unknown,0.8680883049964905,False
HD 83443,Unknown_2,29.53355270588298,Unknown,0.301623672246933,False
HD 8574,Unknown_0,3945.0932670091534,Unknown,0.3668439984321594,False
HD 8574,Unknown_1,393.95507336097285,Unknown,0.5386269092559814,False
HD 8574,Unknown_2,337.86198235326805,Unknown,0.08631204068660736,False
HD 86081,HD 86081 b,2.1378431,470.3884,0.22283989191055298,True
HD 86081,Unknown_1,0.6819640865515295,Unknown,0.08460518717765808,False
HD 86081,Unknown_2,1.8603000613842482,Unknown,0.20364195108413696,False
HD 86226,HD 86226 b,1628.0,143.0235,0.20440354943275452,True
HD 86226,Unknown_1,1.4699357879023578,Unknown,0.13227711617946625,False
HD 86226,Unknown_2,7.801626186684226,Unknown,0.133170023560524,False
HD 86264,HD 86264 b,1488.79123,3117.26102,0.19183529913425446,True
HD 86264,Unknown_1,295.75103307295353,Unknown,0.1102667823433876,False
HD 86264,Unknown_2,488.46901260471265,Unknown,0.26059308648109436,False
HD 87883,Unknown_0,7.565604998832033,Unknown,0.6405944228172302,False
HD 87883,Unknown_1,0.871953448153221,Unknown,0.3875603675842285,False
HD 87883,Unknown_2,4.821350510124962,Unknown,0.2182527631521225,False
HD 88133,HD 88133 b,3.414884,324.1866,0.11779612302780151,True
HD 88133,Unknown_1,0.26857780213268423,Unknown,0.21827416121959686,False
HD 88133,Unknown_2,1.4109438507729366,Unknown,0.11231387406587601,False
HD 89307,HD 89307 b,2166.0,642.01338,0.5238590836524963,True
HD 89307,Unknown_1,314.491722389585,Unknown,0.7205959558486938,False
HD 89307,Unknown_2,440.92572434782306,Unknown,0.14342771470546722,False
HD 89744,HD 89744 b,256.78,2653.8805,0.2193470299243927,True
HD 89744,HD 89744 b,256.78,2653.8805,0.11008379608392715,True
HD 89744,Unknown_2,289.75567733096835,Unknown,0.12377326190471649,False
HD 92788,Unknown_0,57.46203084751872,Unknown,0.07706863433122635,False
HD 92788,Unknown_1,153.57062457830267,Unknown,0.3619036376476288,False
HD 92788,Unknown_2,23.576439261251178,Unknown,0.04974469169974327,False
HD 93083,HD 93083 b,143.58,117.59,0.47533082962036133,True
HD 93083,Unknown_1,77.33009727001368,Unknown,0.3725587725639343,False
HD 93083,Unknown_2,243.46148462702828,Unknown,0.5670828223228455,False
HD 95089,HD 95089 b,464.4,400.4658,0.546299934387207,True
HD 95089,Unknown_1,3.968923255841194,Unknown,0.008383259177207947,False
HD 95089,Unknown_2,27.77363631930261,Unknown,0.0313916839659214,False
HD 95128,47 UMa b,1078.0,804.08,0.9865171909332275,True
HD 95128,Unknown_1,558.0203970954925,Unknown,0.2489577680826187,False
HD 95128,Unknown_2,272.4890189740181,Unknown,0.14436952769756317,False
HD 96127,HD 96127 b,647.29999,6661.7168,0.20814470946788788,True
HD 96127,Unknown_1,7.187996754984133,Unknown,0.026748593896627426,False
HD 96127,Unknown_2,0.7032390505240441,Unknown,0.16925758123397827,False
HD 96167,HD 96167 b,498.04,227.88411,0.19661551713943481,True
HD 96167,Unknown_1,38.150009119453124,Unknown,0.056214701384305954,False
HD 96167,Unknown_2,31.40498872396372,Unknown,0.04590272158384323,False
HD 9826,ups And c,241.258,4443.24113,0.8640702366828918,True
HD 9826,ups And d,1276.46,3257.74117,0.7795666456222534,True
HD 9826,Unknown_2,657.3620128106047,Unknown,0.46626970171928406,False
HD 99109,HD 99109 b,439.29999,139.8452,0.8977821469306946,True
HD 99109,Unknown_1,24.81498431477456,Unknown,0.07237386703491211,False
HD 99109,Unknown_2,31.085043803054806,Unknown,0.08178703486919403,False
HD 99492,Unknown_0,12.62413322344812,Unknown,0.08746911585330963,False
HD 99492,HD 99492 c,95.233,17.9,0.168109729886055,True
HD 99492,Unknown_2,131.70454998484837,Unknown,0.20919840037822723,False
HIP 12961,HIP 12961 b,57.435,114.4188,0.8652211427688599,True
HIP 12961,Unknown_1,69.09232657740672,Unknown,0.06829690933227539,False
HIP 12961,Unknown_2,46.343694264847464,Unknown,0.053737420588731766,False
HIP 14810,Unknown_0,8.6428448822245,Unknown,0.12341005355119705,False
HIP 14810,HIP 14810 b,6.673892,1239.537,0.16711004078388214,True
HIP 14810,Unknown_2,5.451733315148167,Unknown,0.07035423070192337,False
HIP 57050,GJ 1148 b,41.38,96.7,0.13143481314182281,True
HIP 57050,Unknown_1,374.2923122956287,Unknown,0.1256886124610901,False
HIP 57050,Unknown_2,334.4199424222153,Unknown,0.14384859800338745,False
HIP 79431,HIP 79431 b,111.7,667.415,0.4340308904647827,True
HIP 79431,Unknown_1,150.45749757989702,Unknown,0.3388820290565491,False
HIP 79431,Unknown_2,39.340159870164456,Unknown,0.15876254439353943,False
HR 458,ups And d,1276.46,3257.74117,0.5937967896461487,True
HR 458,Unknown_1,1491.3420156831735,Unknown,0.5197848677635193,False
HR 458,Unknown_2,488.46901260471265,Unknown,0.9050448536872864,False
Iota Draconis,iot Dra b,510.8544,3756.73177,0.6494655013084412,True
Iota Draconis,Unknown_1,806.7663324650717,Unknown,0.25274866819381714,False
Iota Draconis,Unknown_2,251.05665630289562,Unknown,0.21206669509410858,False
Iota Hor,Unknown_0,6928.687460399621,Unknown,0.27694904804229736,False
Iota Hor,Unknown_1,1569.686936905937,Unknown,0.3773528039455414,False
Iota Hor,Unknown_2,483.4926319099786,Unknown,0.46971845626831055,False
Iota Horologii,HR 810 b,302.79999,721.4741,0.20409080386161804,True
Iota Horologii,Unknown_1,32.71803964327517,Unknown,0.08874817192554474,False
Iota Horologii,Unknown_2,166.68073832737605,Unknown,0.23101165890693665,False
KELT-6,Unknown_0,7.88192495316093,Unknown,0.5417664647102356,False
KELT-6,Unknown_1,0.8899951002108542,Unknown,0.2050950825214386,False
KELT-6,Unknown_2,1.1496524487739435,Unknown,0.2397375851869583,False
Kappa CrB,kap CrB b,1253.68,635.66,0.6297087073326111,True
Kappa CrB,Unknown_1,524.7677352611845,Unknown,0.4607325792312622,False
Kappa CrB,Unknown_2,20.21952005257981,Unknown,0.008381903171539307,False
Kepler-100,Unknown_0,5.978042884458697,Unknown,0.1250920444726944,False
Kepler-100,Unknown_1,0.3262617188213201,Unknown,0.2609257102012634,False
Kepler-100,Unknown_2,3.5826230862240283,Unknown,0.14421246945858002,False
Kepler-20,Unknown_0,16.989052348486723,Unknown,0.09984151273965836,False
Kepler-20,Unknown_1,3.6943887621439075,Unknown,0.14905226230621338,False
Kepler-20,Unknown_2,1.0592276370855993,Unknown,0.13143442571163177,False
Kepler-68,Kepler-68 d,632.62,267.0,0.7928498387336731,True
Kepler-68,Unknown_1,231.3100355798196,Unknown,0.2328449934720993,False
Kepler-68,Unknown_2,0.9961078324962105,Unknown,0.012980358675122261,False
Pollux,HD 62509 b,589.64,731.0,0.9913188815116882,True
Pollux,Unknown_1,1096.8885670129766,Unknown,0.46480607986450195,False
Pollux,Unknown_2,231.3100355798196,Unknown,0.21360664069652557,False
Pr 201,Pr0201 b,4.4264,171.6282,0.8773651123046875,True
Pr 201,Unknown_1,0.44815476825810013,Unknown,0.06634869426488876,False
Pr 201,Unknown_2,1.2867237230866353,Unknown,0.4756501615047455,False
Pr 211,Pr0211 b,2.1461,597.5204,0.41773664951324463,True
Pr 211,Unknown_1,1.87944732589439,Unknown,0.31695476174354553,False
Pr 211,Unknown_2,0.6819640865515295,Unknown,0.0892602875828743,False
Proxima Cen,Unknown_0,192.37366952663305,Unknown,0.07932605594396591,False
Proxima Cen,Unknown_1,84.79553401025822,Unknown,0.053158052265644073,False
Proxima Cen,Unknown_2,44.483814179664726,Unknown,0.04221707582473755,False
Rho CrB,rho CrB b,39.8438,347.38645,0.103897325694561,True
Rho CrB,Unknown_1,436.43370089119543,Unknown,0.37576642632484436,False
Rho CrB,Unknown_2,10.286281531355753,Unknown,0.12332436442375183,False
Rho Ind,HD 216437 b,1359.0,1334.87931,0.17373479902744293,True
Rho Ind,Unknown_1,28.93485943013452,Unknown,0.01297946646809578,False
Rho Ind,Unknown_2,8.467640321978891,Unknown,0.12039553374052048,False
Tau 1 Gruis,HD 216435 b,1311.0,400.4,0.23217736184597015,True
Tau 1 Gruis,Unknown_1,28.93485943013452,Unknown,0.015185163356363773,False
Tau 1 Gruis,Unknown_2,1.0701298093559366,Unknown,0.12384110689163208,False
Tau Boo,Unknown_0,2.717239072380409,Unknown,0.12548723816871643,False
Tau Boo,Unknown_1,25.589127569069596,Unknown,0.08241724967956543,False
Tau Boo,Unknown_2,4.307744794714926,Unknown,0.08018606156110764,False
Ups And,Unknown_0,410.4264396076138,Unknown,0.5505481958389282,False
Ups And,Unknown_1,2992.1544386072833,Unknown,0.22367025911808014,False
Ups And,Unknown_2,3945.0932670091534,Unknown,0.19195039570331573,False
XO-2,Unknown_0,1.3543193970906993,Unknown,0.15310980379581451,False
XO-2,Unknown_1,2.608189957553279,Unknown,0.11512955278158188,False
XO-2,Unknown_2,1.1496524487739435,Unknown,0.11334605515003204,False
Xi Aql,xi Aql b,136.97,616.90494,0.6313480734825134,True
Xi Aql,Unknown_1,1.9580275177471576,Unknown,0.16120703518390656,False
Xi Aql,Unknown_2,3.8488521374714537,Unknown,0.10621414333581924,False
alpha Ari,alf Ari b,380.8,572.07,0.8080477714538574,True
alpha Ari,Unknown_1,331.0129689961431,Unknown,0.10051143169403076,False
alpha Ari,Unknown_2,170.129541577115,Unknown,0.08961319178342819,False
epsilon CrB,eps CrB b,417.9,2129.461,0.5543668270111084,True
epsilon CrB,Unknown_1,11.750908976099485,Unknown,0.05398523807525635,False
epsilon CrB,Unknown_2,1.0922719428812904,Unknown,0.1307406723499298,False
mu Ara,HD 160691 b,645.0,1366.66215,0.3916293978691101,True
mu Ara,Unknown_1,31.085043803054806,Unknown,0.04416889324784279,False
mu Ara,Unknown_2,2069.599512043302,Unknown,0.15486358106136322,False
mu Arae,HD 160691 b,645.0,1366.66215,0.4889226257801056,True
mu Arae,Unknown_1,508.89203175282523,Unknown,0.35029229521751404,False
mu Arae,Unknown_2,427.5864780516105,Unknown,0.16808246076107025,False
omega Ser,Unknown_0,624.5523015888248,Unknown,0.17315441370010376,False
omega Ser,ome Ser b,278.59,233.92171,0.11798872798681259,True
omega Ser,Unknown_2,59.254651104474306,Unknown,0.037529803812503815,False
omicron CrB,omi CrB b,187.01,355.96782,0.9906226992607117,True
omicron CrB,Unknown_1,0.25,Unknown,0.03435884788632393,False
omicron CrB,Unknown_2,36.61896064918409,Unknown,0.08525799959897995,False
omicron UMa,omi UMa b,1569.81,1160.39151,0.175069659948349,True
omicron UMa,Unknown_1,7.48852880834984,Unknown,0.08729708194732666,False
omicron UMa,Unknown_2,0.25517276813797946,Unknown,0.17646682262420654,False
pi Men,HD 39091 b,2088.75851,3917.23512,0.2684890925884247,True
pi Men,Unknown_1,32.05479162414341,Unknown,0.12652595341205597,False
pi Men,Unknown_2,19.607822564592453,Unknown,0.08826187252998352,False
ups And,ups And c,241.258,4443.24113,0.8506508469581604,True
ups And,ups And d,1276.46,3257.74117,0.7903152704238892,True
ups And,Unknown_2,650.6649991913408,Unknown,0.500452995300293,False
